"PIDN","Ca","P","pH","SOC","Sand"
"09gt9UK5",-0.493906974699483,-0.179595080659536,-0.492423164223512,-0.684071579375432,0.636783011702533
"0BVvxJ6a",0.753909646461079,0.38371371432761,0.604935498975037,-0.537001624146463,-1.15294476972805
"0KbdgApg",-0.110362838744439,0.193019583889212,0.194400134942208,-0.0455068627948608,-0.644257445476861
"0MnuuduB",-0.173120729185595,0.176540212703382,0.00383160266785708,0.694747456861469,-0.8769033680267
"0PcIsF9z",-0.417675971307436,-0.708609210988181,-1.60933224777816,0.510462450706157,-0.594225783884175
"0ShTFLYJ",-0.963148378373428,-0.753836476921891,-0.340933536011136,-0.628626793045665,-0.00420827755905906
"0XZh9jka",-0.565081119333362,-0.236857391221209,-0.744054875614886,1.35241490095876,-0.235765008091162
"0Y7Wegri",-0.171873085734955,0.779945626832056,0.839825474709935,-0.600478753279669,0.0844186217211865
"0dTqplIM",-0.0855275855916998,0.167043820873486,0.33872043774933,0.303477362496685,-0.768227161662356
"0lNiZicC",-0.521178424029352,-0.568738671961692,-0.799314112422343,-0.315969634103761,-0.885385326671578
"0rGeJ0QN",-0.718205272178073,0.214826858051572,-0.536226256740636,0.00466112277490073,0.439762954636783
"0sXI9ytQ",-0.612661253710205,-0.203546651957793,-0.492994166207147,-0.800073275197133,1.60828916299341
"0ukt4aP6",0.407642237262592,-0.173740313413943,0.838989502017127,0.244551545395243,0.179739427607961
"1AGspb8f",-0.872977362940819,0.0486349612260749,-0.99921691638175,0.304338109419363,-0.700182493700553
"1Csy0gvE",-0.61663978156367,-0.190745404725126,-0.433880838644745,-0.741366105581481,0.940771979384739
"1Ic2hly1",-0.0530977347559171,0.522686898044638,-0.197064905913389,0.0963531120402906,0.542575700257029
"1PPbaTwt",-0.538597845733119,0.0102188773914261,-0.127805998901343,-0.785891889322488,0.138555085763388
"1SO5VJNy",-0.619514235150053,-0.028177114786463,-0.192470397123263,-0.897741880400841,0.912148755562295
"1arHxK3Y",0.789639358205942,0.395273928429609,0.947453489115541,0.7545624053981,-0.166767205584192
"1fCW4Bba",0.101128172314476,0.17347282650639,0.308624621105649,-0.674160260061565,1.01778625886152
"1qDZNvIm",-0.623365996755699,-0.0272576856322445,-0.162242827482589,-1.38430082238614,1.63340535203776
"28LYJC2V",-0.51603828379825,0.215684997443986,-0.605528191452964,0.70195067274321,-0.230472637873163
"2CzACvQq",0.613415176456979,0.47520219791643,1.42146288047596,-0.501232530718472,-0.100529891879656
"2FT3crfv",-0.4555850307059,-0.144227324547228,-0.270676614338724,0.151271324364922,-0.46388528705672
"2Fy2uHVg",-0.438728282252771,-0.716396108913851,-0.39251588100181,-1.00585238215127,-0.00781549359865112
"2MkMEApm",-0.416663335936402,0.262221540912176,0.265913800251326,-1.08898360310386,1.38186005125942
"2NDGWEOe",0.908703561442071,0.0985713209781103,1.53647253417153,0.0280919108617707,-0.50911584885169
"2NyyCiqn",-0.443459646142821,0.0665330572696447,0.0023369519842444,-0.881802975258783,0.960078861614619
"2QRzIb84",0.351584353358785,0.486858070951646,1.4395249436529,-0.595256626421592,0.426103084566346
"2QcbdrUZ",-0.300852862746158,0.146998950596438,-0.176740699458703,-0.842419931368131,0.944181011864029
"2YgAimWK",-0.222998449416317,0.0865676331801626,0.233549106819052,-0.715052526505833,1.0928907064261
"2cx85d9H",-0.0599498210436542,0.00764927391180794,-0.00524577226852306,0.0108519020269438,-0.976866863165617
"2homMXMV",-0.20462262052617,-0.110624797581085,-0.875094951854579,0.277813663959914,-0.142566831620469
"2ldLrUtq",-0.774700800243184,-0.493028178939441,-0.876659960162163,-0.656888094196995,-0.66290630214872
"2nsACW6G",-0.454788951987163,-0.513823054074865,-1.53053946019664,1.19659961974482,-1.52631617692289
"2yMbVnWc",0.186868707883104,0.510866095668855,-0.163463412406346,1.08538659212442,0.0305144843665942
"36r8sgGQ",-0.547921714633178,-0.213494205718284,-0.217594066113788,-1.1701962793836,0.819722969444854
"3NXAXCl3",-0.398786623892949,-0.285809717589521,-1.30467695884983,0.726425442597918,-1.11511238162086
"3QG0z6fl",-0.683489571853845,-0.208006941253726,-0.371775330965445,-0.789992322533213,0.115533564722239
"3WS8R9qm",-0.241968690946289,0.103097112639684,-0.750950745005257,1.72404842055976,-1.77584996427626
"3fRLm8f5",-0.275741676828085,-0.365492750696121,-0.937735843345664,0.491299563931258,0.0185616847144408
"3mZhp1nQ",-0.615001717333839,0.142293820612781,-0.287621987951818,-0.741853934354931,0.783002280296775
"3pikJXRL",-0.651228547773821,-0.571305773455847,-1.43317204291399,0.645353207462419,-0.814387574057417
"3pxOEGHL",-0.553842450141895,-0.111443659771865,-0.212950532466081,-1.29234588977906,0.913328515500662
"3ttdV3f5",-0.792598000901129,-0.0471924996541136,-0.510662171895229,-0.99017536967616,0.390511401703705
"3v4X6Mfe",0.46830459711718,-0.187287856172792,1.00774722404676,-0.0981740697831262,-0.175087880797162
"3wORuPiv",-0.475801065972086,-0.0132759820047466,-0.495108971850564,-0.168927243584312,-0.707283964932866
"43EfrxZj",-0.111581539278469,0.173398792383033,-0.0247581458334477,0.62972350002434,-0.314634102286709
"457Vwm21",0.204606398204434,0.692685806501949,0.816336777798113,0.0877778419884895,-0.447341859375624
"46KNnOdx",-0.48232581853002,-0.0828668333618413,-0.809662556657884,-0.0872905390609099,0.000597225362305148
"47TwNsVC",-0.450412258239779,-0.378864559396494,-1.55241633694795,1.06945536325837,-1.89798644980146
"49856RpO",-0.64741862155676,-0.757221431148998,-1.06694241681138,-0.121273545263029,-0.49496051058485
"4Ane1o2N",-0.673664450962847,-0.22344402044563,-0.590169706543981,-0.567606161391958,0.275753749836334
"4AyVUgSc",-0.624478914955628,-0.82649865947512,-0.495149754776108,-0.558877649312196,-0.426259791878746
"4B1951On",-0.442953231510621,-0.518442853027028,-0.324038117235802,0.0700905658103949,-0.44436611373324
"4OL39Teo",-0.104984796268007,0.264253011807704,0.0757282822633793,0.533012317556917,-0.0673894092743604
"4eQ90eLY",-0.432408043534729,0.147183882452277,-0.175509515561552,0.831311058490932,-0.397805055462761
"4o5jwMj8",-0.551503328840807,-0.137531231406396,-0.0399927639163826,-0.903841606763567,0.289588972515594
"4vPgpl2c",-0.42089055875869,0.167646832015552,-0.16121957843565,-0.548793299407655,0.352191883211365
"51r9aA0d",-0.731897759771895,-0.816839769698187,-0.341093586884355,-0.929576248867163,-0.292041413147309
"58SmeRoP",-0.746175237887494,-0.277436804118724,-0.472356519023394,-0.348337761551016,-0.646752220623916
"5HJp1AXn",-0.282554640360822,0.225074083121899,-0.737103320184435,0.558569167803004,-0.00545939693835603
"5MBZW7fx",0.189733809458717,-0.17077474133678,0.791946331872526,0.1462757780931,-0.1242426030328
"5Nq3gHaP",0.260004417140481,0.366312108785433,0.559084211531177,0.754131723115878,0.0679055424179434
"5RmwFFK3",0.650371714381944,0.773411240527628,1.0333135930764,-0.296258343586303,-1.33022219632315
"5Tu5Jbov",-0.504059766513284,-0.513281479307543,-0.422419251033322,-0.153419949667835,-0.234742520037123
"5YEolkev",-0.574780708518213,-0.307226421804369,-0.43994529795556,-0.98448977551963,-0.419504048365623
"5a8sf6QV",-0.0335039664809402,0.25348676503299,0.51626994237432,-0.205523712925402,-0.57934454983656
"5eSvmqYm",-0.696985618170212,-0.321788419552098,-0.0542017807250023,-1.31934881169052,0.231004309940466
"5hkN8fiv",-0.248475724155962,-0.665828726387356,-1.53028682195907,1.12836389417953,-1.21007214775496
"5oK8Gti5",-0.342114027367559,-0.021363556207029,-0.229819551571876,-0.494309206827551,0.900768671944227
"5paniGaU",-0.971494851425159,-0.136157439649774,-0.707564167356256,-0.774506435508033,1.5358855586751
"5vsr7ZUP",0.283267664905511,0.061097980108836,0.464379493649745,-0.698547874189788,-0.811203601793157
"60B4xMWI",-0.23167495209956,0.207736882438722,0.83877026864303,-1.09372469818306,0.64283963301815
"64jOUtKy",0.860693449403471,1.0122221416805,0.794533932955862,0.786712000019853,-1.17978605852714
"6AJo4xNG",-0.331974865725928,0.320179974288475,-0.34984657939601,-0.0177411125608762,0.300742716082221
"6CAvhEte",-0.560801894195747,0.0102827546236672,-0.395157068604199,-0.402294264973894,0.0104715970214085
"6CuGYjT5",2.05288514823599,0.264606525468566,1.75357122578344,0.709935945212207,-1.1469921112133
"6DGH8ujZ",-0.379456594289756,-0.896182966997917,-1.6212619135553,0.630778542110457,-0.784746678103512
"6PzsGdVm",-0.221284523264951,-0.386704204164998,-1.09591774584192,0.577324730198294,-0.735819392838976
"6UcSJMbq",-0.0542243036814354,0.393541753044049,1.10853475259313,-1.16598939681891,0.416476607020395
"6WJbkH8U",0.385885864215346,-0.346137567742016,0.80317201499489,-0.0109415833594253,-0.918835055224593
"6eUWsVzw",0.490586669715234,0.216104199100994,0.719049907389155,-0.62015356445896,-0.841707670145374
"6gNyO7Do",0.0326590267820451,0.205713932323698,0.243489037542974,0.287872358170043,-0.793440343676163
"6jT0AyHe",-0.256730937975403,-0.139586532877841,-0.120071962568604,0.122332158802924,-0.76336862734774
"6nBgCvWu",-0.408172197078126,0.298100665327957,-0.162749428641462,-1.03373498813311,1.3467963316766
"6ro5mqg6",-0.634485379289188,-0.549591046010346,-0.804797169475262,-0.368183681286147,0.843940995237514
"6sGqObX4",-0.683240947663651,-0.798665964374559,-0.516136994292804,-0.28762211146893,-0.45448725124261
"6uEGy0n4",1.68755555595503,0.30591797596908,2.31229841171653,0.108422649274968,-0.999548711674186
"7BZ4LxP8",-0.528382352780948,-0.544126409565599,-0.0795614158624278,-0.0479936730331147,-0.785469814607476
"7CmigXKi",-0.61903291219792,-0.226267950642314,-0.682435557023988,-0.667856046541346,-0.239997891970332
"7Ga0LpfR",0.719542064708743,1.10484355679215,0.866303822646329,0.39312137774397,-1.19146148195843
"7PQsFvsG",-0.245925382189363,-0.369916847281696,-1.38311934468702,1.14333784277371,-1.0482193943169
"7aF7nnwn",-0.30168056305182,-0.745485728507678,-0.0793963332155983,-1.11174753354479,0.0759982180920701
"7asGzfX9",-0.330271676786604,0.127633678607933,-0.0114236757222441,-0.209933735557811,0.313219685942384
"7cg7C92o",0.63371733102242,0.737522172521453,0.628191730895606,0.94135935011699,0.286115064271851
"7eOxTpsB",0.241267142602583,0.102297801688776,0.843981267499864,-1.74597360568558,1.63150726675765
"7ey0v7ma",-0.385949531236612,-0.444937491215506,-1.1168981706522,0.397485859503808,-1.24643594052741
"7gocyrYl",-0.31947428151323,0.313489847773722,-0.472390736755587,0.907863002300923,-0.141533089904128
"7gqR3GoA",-0.705224865113082,-0.258355471539352,-0.644437092196981,-0.902039613521829,0.0614351258427776
"7og7aUXB",-0.632166110353164,-0.063234774241369,-0.0954003900289137,-0.217793643391383,-0.243465985508586
"7onRfa8F",-0.0750914038997519,-0.0573839800142825,0.09246558386194,0.21928655107901,0.682208707796942
"7umkNuxM",-0.455927463088684,-0.343160282701365,-0.726442813859345,0.614915683910197,-0.189556451464778
"7vPr9ExD",0.00260004780088309,0.122641106610909,0.38124711467284,-0.070442770834112,-0.4480835222261
"7zNjpCzu",-0.69166152321955,-0.332626265524242,-0.420824074404046,-0.511910854101301,-0.0473621496759263
"7ztsQNj3",-0.782538374112203,-0.244575550253668,-0.50760051913499,-0.3608801773659,-0.0233959870838245
"86gppwMI",-0.0234402566445304,-0.0364021499879435,-0.122860394438117,-0.685249826384775,0.4418833898867
"88thAGdL",-0.15891851519475,0.142971347980947,0.235442610578816,-0.752362646649659,0.112091441353885
"8GhU8STP",0.808255127882675,0.426219073057457,1.11132760979399,0.726418561528324,-0.697370594694822
"8NlzDcWe",-0.502676510231243,-0.688908215888179,-0.449454216928235,-0.501427499256455,-0.486920140520414
"8QAejdLW",-0.0412236081154676,0.0858878836288523,0.0867635062341428,-0.288701272076799,-0.745429898981763
"8RDeFxWM",-0.625869869968893,-0.177643920704382,-0.324215080724976,-0.986184155219415,1.12193963769945
"8UXP2NBS",-0.59202297149689,0.399210343339877,-0.489033831715078,-0.773784770823894,0.142522150892269
"8ZoV3KGT",-0.139623413956903,0.128707768444319,0.422824696650446,-0.83282897138882,-0.365772196476412
"8ajs2uG8",-0.663680981244271,-0.520128740690045,-0.915475780614983,-0.281672840917002,-0.708988585680515
"8bXnz62p",-0.104877415432471,-0.0956941106679114,-0.0628975624545236,0.992412357543504,0.861165773417004
"8nO1O1LG",1.49735829915494,0.869271789871956,1.67672904172942,1.29858969215303,-0.923789944277695
"8xE1p8g8",-0.59760076779518,0.00119843749466234,-0.383983565807517,-0.484849196152514,-0.362329748766928
"8yMDVMRM",-0.743192652808415,-0.781465352260134,-1.16700762210133,-0.238950274604316,-0.372098371378461
"98R5VaPi",0.657239100862526,0.477111205471115,1.64915996099462,-1.14464765787911,0.807512794298221
"9DcTz2Ua",2.77689923287111,0.247168130277504,2.09842991016024,0.941518423544285,-0.906754961567841
"9G7nfUrK",-0.484976155024296,0.104334927063306,0.109956759560706,-0.592056305763564,1.05036127100483
"9O6GZ1HT",0.138879200452047,0.276958593899068,1.20980787269181,-1.50274381731025,0.0329153819124838
"9S7fCoAM",-0.32765966416651,0.249661245884513,-0.124812345105226,-0.780758226611149,1.01622455051888
"9iQwmFJR",-0.320596542631033,-0.170414535957928,-0.187170426639541,-0.528108495979612,0.121273761453188
"A3Mt6SAQ",1.30947372195403,0.0659480139618374,1.65600507148763,-0.786500015908164,0.0243757036484344
"AJIsQIcV",-0.696071817896066,-0.3554976370124,-0.511597336728496,-0.309689746814572,0.126779958413169
"AMHKXMh8",1.63800562208507,0.526155447332474,2.1846851177269,0.380174680445094,-0.813338888441226
"ASwA2J4E",-0.517406090842371,0.0169378906051611,-0.1501861838495,-0.551864234197355,0.802799851720513
"AaFvEoHq",0.193722684118939,0.179813544270285,0.955496014704346,-1.86963596004124,1.03568994113303
"AiIPD6hX",-0.538254645736046,-0.00770688386301466,-0.514694749600414,0.726538213308928,-0.40641591971543
"AsIURvJS",-0.673767334125921,-0.0924862889901404,-0.739638602264826,0.85138454846698,-1.15739518742638
"AsvgbJ0C",-0.258262237640536,-0.181289320551637,-1.10379120450747,0.928928258521021,-0.657859334495958
"AxEhbkCM",-0.417203118139899,-0.581370625883778,-0.969811678674342,-1.23387642598971,-0.319336269919039
"B7VPkIpx",-0.563068824219108,0.191646848385727,0.481318233999591,-0.603486465270099,0.989548805423975
"BBwHqHiH",-0.387496404254784,0.104563356889008,0.174794471419372,-0.284661761202394,-0.646929776168272
"BMyps8hr",-0.416712569253436,-0.405428282594312,-0.474113501765736,0.404256145453483,-0.974573395360465
"BUHS4dQw",0.231364717637146,0.671144010200518,-0.0705741243264841,1.92285500971975,-0.457846853836172
"BZB3EYWQ",-0.488431891084265,0.147281638818434,-0.151244476256872,-0.212242883575946,0.931314508023506
"C5UPCZcL",3.18519356852131,0.248764308512395,1.85697339584502,1.20755959542738,-1.03501863269001
"C5gIfQbJ",-0.369104649849024,-0.526252209776068,-1.7335546342224,0.750517201786737,-1.39720582619323
"CDRuu4Pn",-0.695114279915891,-0.464669301153484,-0.524467006628711,-0.722611962043684,0.851334155325379
"CQhTYkqE",0.93463405942556,0.495857505875023,0.865592970450094,-0.444847783333028,-1.68844183460047
"CSEobMXv",-0.640429896856757,-0.369839302406091,-1.51856266092968,0.669103135680039,-1.09757086921612
"CYMQE4x0",-0.347096393532161,-0.219424009396147,0.799299185904773,0.337204331111383,0.644093216491017
"ChQdtl4J",-0.550854947013318,0.376111810710944,-0.121701097641808,-1.15037331183139,0.816551353579701
"ChnD1nrN",-0.683992352745909,-0.87222641663103,-0.633688333482992,-0.574880666899717,-0.644548946276167
"CvtbbIcq",1.04759907345167,0.170667768678754,1.26249898629776,1.19253849611849,-0.399257055523588
"Cxk06b77",0.273495456140071,0.349323387938953,0.612999980327355,0.142009881203213,0.34469056726543
"D3QD3ZEJ",-0.44922902330498,-0.430189901504667,-0.727871862828482,0.739956079646344,-0.0161494616158485
"D8J5C6lA",0.424752734238429,0.26012109857253,1.03400239112853,0.627664399137609,-0.431085991204323
"DCeQwYfT",-0.333245509664402,0.0536927996774848,-0.138043814137461,0.106047242809139,-0.460206205382323
"DDEftkx3",-0.780449652446351,-0.112909799800608,-0.650128758928631,-0.691280191124983,1.32260144668149
"DEwCfeDW",0.106470448033778,0.336883642637524,0.217219017289123,0.468209614633016,0.751390362956515
"DMkIV4oL",-0.67602140279962,-0.310633880147083,-0.584439309831108,-1.28348719313589,0.717698435228316
"DnzGfbxS",-0.436176388108239,-0.058845022104983,-0.100146566158602,0.649894767402201,-1.01617556249121
"DoZxo6f6",-0.401160989099389,0.156710949080459,-0.00342175343616354,-0.679773925064961,0.632750158796557
"DvhBPGIk",-0.695203791438685,-0.625756418213721,-0.844613356061261,-0.215680945268945,-0.00905828092177719
"Dx7GoUcT",-0.454788829003906,0.176059568591392,-0.195653693439036,-1.66293347912535,1.59727958822438
"E5hIjohO",0.362190090257433,0.631785946639847,0.624329789334755,0.915172625838148,-1.14543407815626
"E6x4XGHt",-0.450150144836274,-0.061309869227578,-0.270643462389685,-0.399111714820265,0.571491193442026
"EDEpAzh1",-0.299863429684749,-0.194654149108219,-0.277832036461414,-0.655314168441333,-1.1118486600901
"ETGudkQt",-0.190261954316677,-0.065585167361473,0.205127143107387,-0.878112946077227,0.715578412074528
"EUleKrLJ",1.91745428342929,0.451218175407994,1.45291029182564,1.21933358291843,-0.507545256941653
"Ehw2Jz6s",-0.503221851297004,-0.540558127913338,-0.556934304026916,-0.149127794077153,-0.204112219974306
"EjqzC4zH",-0.250405808854928,-0.00550064478504919,0.360391664061684,-0.545858587160953,0.722731985915671
"EkMZO3Qj",-0.231319634561307,0.423673553621359,-0.132112833575101,-0.725465577976964,0.794105053678871
"EnoNXWvU",-0.0341210005645904,0.405342616740257,1.24166744870505,-1.2860359955607,0.420157872903701
"Epv8ANwr",-0.535040689343098,-0.424011944489125,-0.799684555938908,0.681850987464483,0.0668914391771234
"Etro9j0B",0.372467353020663,0.163547436981596,0.783258838768417,0.62634418654434,0.257723263000456
"F3MIZj76",-0.546398700263276,0.0449836069536392,-0.845062009568457,0.0994014430578417,-0.389620762382552
"FB8tU00K",-0.601151246239987,0.136102872742032,-0.820442696008229,0.639188728313336,-0.0961904499657126
"FLhxBGMK",0.102879052694804,-0.00650886361759875,0.528332572074139,-0.885067717216724,-0.788993406284811
"FRreR8ka",-0.526615277364406,0.309059356774942,-0.413869292049653,-0.330365738374032,0.689031804513024
"FXne4oAV",0.69514407456311,0.294711315270713,1.04424535182435,-0.242599744844158,-0.667403264080406
"FaW764jk",0.590431522110814,0.573938840048829,0.79354201312513,0.204518703290988,0.511505232209222
"FeAbMXly",-0.768884401028929,-0.232550651556376,-0.62045970479533,-1.16702579168192,0.585831842111382
"FeudaFXn",1.49153333498065,0.139802219899208,1.80197191471058,-0.298313827796135,-1.06329136418591
"FldUmFeM",1.53565839352114,0.359813849471483,1.65874858164159,-0.382906043258077,-0.0335142734937401
"Fnv5tfAm",-0.852485127846836,-0.550409666989464,-0.595244897385384,-0.12538783403092,0.155670593398832
"FvrAd3Or",-0.301806401881164,0.100036839202498,0.737552099170268,-1.16369956779426,0.614931957885808
"G48zHffi",0.338297784075264,0.282579610373563,1.18695435932826,-1.03373726497722,0.580879088950755
"G76zCv5N",-0.617790514132415,-0.286119832402032,-0.614328216328041,-0.967284976107664,0.13022315948934
"G7JGUdNf",-0.097168863499873,0.0726448005410742,0.301379635146541,-0.336265663007383,-0.830745866376417
"GCo6MONx",0.645686422906054,0.688594001705532,0.861614609423159,0.750033823869549,-0.513834531454505
"GE0vbpVQ",-0.481504902148485,-0.202182549816871,0.0694029620229499,-0.615640710335471,0.403697887191359
"GN0DfOqt",-0.494925147645165,-0.0622970222731603,0.0947404159010955,-0.888936745488985,0.802895451068265
"GNsTAb1v",-0.384864266559152,-0.250842186786722,-0.541195977247963,-0.13638884613596,-1.54375117690338
"GPwmO21z",-0.621592126227694,-0.326403710188635,-0.806773776659408,0.0641669528334959,-0.304086139441325
"GQYpfLoh",0.808379791405699,0.713666419587719,0.835876928455162,-0.429655639889659,-1.52527819408019
"GR9knT8n",-0.239126940240087,-0.488729846863536,-1.43893581485117,0.958659116534247,-1.00087009891738
"GXtFFbZy",-0.588871578983325,-0.150995204756283,-0.216454601888583,-0.445013873993135,-0.229195898756834
"GYvzvvFD",-0.439425357921327,-0.214148310297466,-0.569926155792833,-0.489848506178576,0.0915942602556399
"GemPjTJ9",-0.302030323172307,-0.0616104136791636,-0.769823136174184,0.0584709277716045,-0.310793086821455
"GkLYRm1K",1.81796486520298,0.191911991545948,2.2004043495205,-0.265351750320055,-1.32933807894107
"GmlqP8eI",-0.447938632818325,-0.636954778748477,-1.12471968661235,-1.23481925972394,-0.305382480261565
"GqkIrOvf",-0.19330421559645,-0.0439680033461849,-0.245488923121281,0.546125201593985,-0.48612402381
"H0fsegPi",-0.414321014411,0.485843319835272,-0.34447064982684,-0.789897523779791,0.527976205151431
"H4dHpJjU",1.729995188557,0.827202876708321,1.79256790800821,1.01340202271,-0.597542834723808
"H5QwJCuU",2.71224111786811,0.615481039964736,2.31878504943647,0.298198780234895,-0.990578153759765
"H5uwmSZ0",-0.350981454412256,0.0694467599290745,-0.350402536132066,-1.05646482919541,0.662658139375559
"H8MtbVoL",-0.114232990597752,0.0993595239172406,0.387517846727675,-0.916100206597268,-0.346467813055152
"H9JrUYnp",-0.507304107886961,0.429067903258682,-0.318090757439604,-0.110489760612357,0.726945016035826
"HHYmmHVk",-0.73084553633078,-0.464688985208819,-0.636271164933523,-0.836583730302172,1.29051567393196
"HJ5U4uqL",-0.659324686336673,-0.0958295087730393,-1.18203601910361,-0.227176116232163,-0.208698719107642
"HNQxYc4w",-0.624429124113719,-0.39575357252131,-0.477987708297434,-0.91168974803703,-0.104458830547722
"HQYhKHZ8",-0.492835992320793,-0.131072847367399,-0.827193089694403,-0.485583280365158,-0.0919813019711877
"HSCMx0MC",-0.527196467291108,-0.126149548589496,-0.323470004208758,-0.718575579519857,0.970017061458563
"HXYuE0fx",2.15318945362575,0.393643671223324,1.85910449034778,0.610493203298832,-1.03049492586733
"HdKcxEWr",0.172310703841654,0.308407014831316,0.54180611425291,0.40007820242634,0.328445981103724
"HecW1iCC",-0.467866666151895,-0.312337332218306,-0.447285901202829,-0.817720449623913,-0.994633179869914
"HpbKB8rv",-0.405518572224215,-0.455080770741073,-1.43789119512969,1.19348951421962,-0.983485252367373
"HrkoYjCg",-0.219033445610587,0.587998213089427,-0.315121621183549,1.25863436378812,-0.692140912184968
"I5P2uquT",-0.289714468638803,-0.169247878635777,-0.146254359562351,-0.378156421178208,0.0686967638119962
"I94qkDM7",-0.347941731497415,-0.208271742788087,-0.771442055180429,-0.806207499768718,0.0361741861745456
"I9sQbtt8",-0.0385786516206682,0.0293517599971109,-1.10738186301797,1.43861997496525,-1.02307119158273
"IFxgw6ZX",-0.477721332135978,-0.0619206064703555,-0.605006717601274,-0.555298927405675,0.113708842784289
"IPPPSyoU",-0.773456940956171,-0.0210332351876954,-0.697593669690561,0.0498446498170388,-0.275215403449683
"IQOYQubU",1.53918784928847,0.394023890821261,1.1599692450674,0.625816792948277,-0.695752978551212
"IYNE2SxU",-0.735757201707341,-0.4804142204019,-0.552489520189335,-0.229013648190157,-0.43153709647627
"IZRFk9kN",-0.406368127563647,0.138059001997347,0.167957171366308,-0.175509771023039,0.387146522886065
"Iaq3v0t3",1.35408016990353,0.279475156895942,1.88710122849086,-0.490669371042236,-0.162418766494649
"IbVwu1t6",-0.42801956458024,-0.819912614163982,-1.44571949378789,0.194240303443691,-0.750522395883541
"IcHKTLyo",0.108081414151214,0.179079618541692,0.180444753929148,-0.15176847451537,-0.954684535411826
"IpW80wVB",-0.380640881038334,-0.531093007702147,-1.08650221730261,0.237513288297169,-0.584215399450353
"Itb0PYUV",1.36416878579128,0.610581501626857,1.40433837887643,1.43308856300003,-0.783246631552842
"J8fpSwS0",0.14257913199721,0.143203191009242,0.91125847498658,-1.90747068980031,1.63785085848811
"JE1SlbD0",0.364212863053569,0.836118475311224,0.838140533313627,1.6054717459693,-1.08603587572626
"JEB4McNb",0.285469152894241,-0.257194855310777,0.742774298923543,0.206647576613835,-0.977467891233789
"JEE4QVeQ",-0.215961354078575,-0.189778548753743,-0.111086208212042,-0.886148140929542,-0.707460489433155
"JJSEU2VQ",-0.787735124075036,0.0696245351048379,-0.274923908210645,-0.679123006983227,1.2789829408199
"JSsVriP2",-0.1330010338303,-0.12258416077264,0.705374025904123,-1.38211157418404,0.371900542733463
"JUvQNiOK",-0.260856005180286,0.00325159349575894,0.18845263793191,0.354981652866627,0.0661088450830359
"JZbrRtm2",0.0720313520145268,0.212773452101413,1.13414766599658,-1.25733513777581,0.245942649762945
"JcE9G92B",-0.0609598295003556,0.58852812005799,-0.15750409095906,0.77002157429577,-0.0993927018972931
"JnNYpXHr",0.443769415776477,0.822673918568344,1.03276305357759,0.583566450860584,-0.609926392103899
"JzpbnOtz",0.126326476274985,0.275626700568028,0.728925599413186,-1.41377942002632,1.10438876069299
"JzzUhPQp",1.83892857168674,0.289301306873766,2.28414162131149,-0.0131937238661347,-1.38430475697121
"K05R8dQK",-0.240792656550806,0.396032732476639,-0.50494000220123,0.62068420656169,-0.535057269130254
"K17pG2mG",-0.062067448209174,0.354450217770683,0.840792305812451,-1.46724051026851,0.225606512568643
"K8BellUe",-0.213877916472706,-0.318351381496358,0.0477104528143943,-0.524593051694971,-1.21072667040454
"KJ2eH6rr",0.166127730014048,0.0339508609678725,0.8441908765775,-0.461232352633814,-1.38040848987966
"KJEJ6Glk",0.416077836328892,0.690384102928456,0.823135532108518,1.24567576337372,-1.23000427935772
"KSbO0oXS",1.08818735531614,1.21522852889929,1.2037233134192,1.03146777258137,-1.68236003598735
"KXtvmd01",-0.607731475926387,-0.27415872663902,-0.499651862360087,-0.901877889070683,0.629974493471411
"KYiJqBuJ",-0.061139669599838,0.0689146482238917,0.491945683765991,-1.18890982902621,-0.399240982585346
"KmbAyTcE",-0.407364127606209,-0.107062594181088,0.0148714118837106,-0.284702062572135,0.24925429699592
"KnNyl3rV",-0.377478227897151,-0.244993607989065,0.211244418590854,-0.0880393298538862,0.592646724930932
"Kp2DG8TZ",-0.196131781234408,-0.290270935670188,0.43026346579146,0.11884861129059,0.732199462596965
"KqQtKWs5",-0.450302255830205,-0.734572337848798,-0.26480801519412,-0.739432311448411,-0.133271058968109
"Ku27g63R",3.23088417415166,1.19643279683259,2.80196518964449,0.854021967964851,-1.40628677386324
"L2aTVqDq",-0.240248395988356,-0.579371587169171,-1.37556320880015,1.05303868082036,-1.14669620754769
"L5jvq6G4",-0.410657896648168,-0.611193815579033,-0.225528159193454,-0.741987784691304,-0.136218424098675
"L91hYVQl",-0.431924622214853,-0.683627415678356,-0.23943638249914,-0.758989757476902,-0.554940694199711
"LINAMlbA",-0.217488841499338,-0.0633143442603065,-0.539014293934079,0.0413488890615725,0.220040632159892
"LJoUNXSx",-0.453863121531539,-0.957710990988292,-1.90557091510485,0.230602659716451,-1.07961478262294
"LLtSiyWD",-0.910262218859216,-0.483660905695399,-0.826250062231948,-1.20956973978127,0.0799015916625083
"LQJtV8kn",0.0163770759139346,0.0682259467839911,0.571308276292195,-0.865831213938122,-0.757419406508677
"LW9uddw7",-0.231919221142162,-0.267013868752953,-1.05742853340718,0.953490985302458,-1.22312297550136
"LZ6sdBTR",1.07410942411267,0.661552638170776,1.32000903337194,0.0466177880076344,-1.02794156759824
"La2Vhnne",-0.035308983610126,0.765506646202874,0.22173927734669,1.31344278135657,-0.41033226691919
"LaUWSq9B",-0.412837603384799,-0.318225840280844,0.288027352240052,0.344792267957778,-1.0706954077383
"Lk4SfkPQ",-0.311047328640582,0.0373265002643755,-0.510953327539823,-0.0729064592569701,-0.944991721144363
"LllC836d",-0.383200925297468,-0.3875338304995,-0.947061261355651,0.59775109348347,-0.0623849953598417
"LuGiGeWN",-0.281663530127298,-0.157860453668272,-0.299283641206614,-0.660635308740781,0.204538254240243
"LzcyHcWa",-0.770783256344848,-0.0255848585370233,-0.408104306851747,-0.906836707168888,1.01377559633127
"M7veP0H4",-0.406630914341776,0.663168795532774,-0.137203419092573,-0.185640391575885,0.624631827952043
"MB8aaJUc",0.0348396616597182,-0.196268389362954,-0.959345473534186,0.777454003399802,-0.597601583791729
"MDpe2zuy",-0.866897799747075,-0.570095369015261,-0.544087952549856,-0.932431552150161,-0.142465683518815
"MEzdmEIU",-0.644519341570936,-0.0340893052378125,-0.164137001890778,-0.632486275094338,0.264674262039865
"MVnhtivm",-0.581832334160862,-0.559404675811401,-0.931582191497427,0.225550633767499,-0.0954724629348269
"MYU7WDis",0.0893036110634363,-0.0648304400976592,0.440117209512758,-0.42085993630102,0.533671572715008
"MZFqh6yw",1.66023525584172,0.50447609118356,1.92289561658096,-0.305155799575506,0.0552693152739244
"Mdgy4SsO",0.846162118377572,1.11608591221381,0.985218539909712,0.551865674544896,-1.70263864978533
"Mj8awnzy",-0.462487058206063,-0.261093982806021,0.115576102095683,-0.566262427877232,1.09692694357789
"MpFPbUJy",1.76755726367742,0.777281286297736,2.07963368750812,1.17671256678633,-1.34267747311067
"Mqk7MFBM",-0.36557097292223,0.138381515594667,0.433625102013263,-1.32930430923465,1.13143715223114
"Mqs2t1Eo",-0.324979601176278,0.0433256864150058,-0.36425220821059,-0.0159585639278484,-0.927752445236991
"Mv3jFVxp",-0.370086361268332,-0.30279301553327,-0.386306650104151,0.280780525626912,0.241490353482081
"MxODTXvA",0.175571359474916,0.0278056565798193,0.402354165783008,-0.506543102582427,-0.764469720149789
"N46PbpPM",-0.0335753093306635,0.12862513107911,0.395312490633941,-1.6579617321968,1.54341926938902
"N5S5F9Gk",-0.204931214288729,0.0570556066219369,-0.515912586265819,-0.623555689682855,0.109963196329243
"NLDg5fqw",0.145037311541902,-0.376490657779538,-0.426520994213257,-0.101470520112853,-0.493839799391122
"NOho2ZiM",1.87492024976133,0.421575829113061,1.65305472077287,0.977093857088356,-1.06809249880523
"NUuY7PFU",1.51975453418658,1.0568304347276,1.6631702224898,1.4651971797766,-1.05412535034475
"NV1e8AEO",-0.556427723783644,0.105879311143182,-0.180323222594828,-0.546931203728167,1.44649647068497
"NZLXROKC",0.661509546045965,0.597890925029612,0.533215498265886,-0.119016668987177,-0.769859460435246
"NaJo7C6o",0.571255569442404,0.0635551632069442,0.627784294955847,0.890322868923378,-0.177763459107151
"NgsyGkrO",-0.12974704251982,0.0911288137764635,0.102754250316748,0.509616571110181,-0.769926634783712
"NjOx4Zpo",-0.381692988296195,0.401248989872313,-0.915436874042577,0.993498486063414,-1.18849771380835
"NmQoI7x0",1.80281906037503,0.0595320382581415,1.86312484097864,0.513746913720238,-0.582796267712497
"No4wkdLS",-0.341521304836329,-0.571191024896121,-0.542966123595875,-0.229693976250735,-0.791513023882575
"NouMwhOf",-0.5965259802075,-0.240428580798924,-0.164258475219008,-0.358719016254073,-0.666173719699273
"O6YAWd8C",-0.298266205075072,-0.053666887755944,0.0891240384244157,-0.506428191200481,-0.731904356719874
"OAXVphSh",2.09180063033132,0.29063136453337,1.60993134299146,1.38602744159713,-0.431104298023537
"OJBBhb6Q",-0.142718964203513,-0.657025284780989,0.0147196600863827,-0.988443030453575,0.34988601529984
"OSIQXImL",0.414540727490266,0.422430164874145,0.740080067063496,0.292030325536832,-1.08285721170396
"OUUFc5Zz",-0.505311394944667,-0.0702964655089993,-0.176031678987424,-0.920157378353113,0.832641856528639
"OVk1lquT",0.436132167512885,0.673057283900978,0.474730015481388,1.43545446093468,0.175607653904101
"OXdRxjzz",-0.350131456117163,-0.512664064145637,-1.28565793949524,0.63430475951356,-1.12259826465434
"OXxW2ekf",-0.65246210276774,-0.344659094881224,-0.672677136532923,-0.870219268183708,0.100240403616259
"OXz5OpqR",0.454456104286566,0.405665949523223,0.957807393405375,0.189162334298324,0.357814990526918
"OcBFW1AX",-0.105622497095704,0.179097460279674,-0.469027358911346,-0.0968682768155512,-0.0156361057068531
"Of9V2rpt",-0.0597491855951105,0.415132344959438,0.385521049422685,-0.431113599987221,-0.285454179588118
"OfLxPhbG",-0.178966119475568,0.0834565360256738,-0.0300792651704057,0.116825707047313,0.226051024468571
"Ojx2vi48",-0.0560664388198885,-0.315039205601568,-0.297739263883609,-0.181290580128424,-0.409492116101589
"P3M32iuT",-0.479886470198404,-0.738393360421017,-0.551726599077428,-0.33852634404311,-0.350878299544626
"P7olVzrO",-0.464359828821335,0.242480920610122,-0.225592872935848,0.0920746721414129,0.0509038814100671
"PAPHErnv",-0.583618710514811,-0.377857010891999,-1.18008326901829,-0.21306513739711,-0.463244682730399
"PBjEtfXb",-0.478704266895554,0.0732838398180164,0.161692462859396,-0.803148858357135,0.797166378380215
"PZGpoBBj",1.66901107816965,0.161094008230601,2.18444540341018,-0.132898854776668,-0.942967095264686
"Pc2RrxXS",-0.775849288860208,-0.584961833862169,-0.672628265110401,-1.08303270137987,-0.479840876328317
"PcHQ4FOu",-0.365140790621989,-0.312481271161119,-0.483517162403459,-0.508452160278554,0.0896917247697228
"PeNyTOVN",-0.330971338270306,0.192757466678563,0.0803562190958203,-0.103488915620366,0.62136596022483
"PhUPSU53",-0.595349178345234,0.0110938156488324,-0.673935587611678,-0.073957885532264,-0.643394555032301
"PmUNeV2O",-0.437335930377335,-0.69844515841274,-0.794406978606819,-0.383929279445027,-0.607817129445154
"PoDJ0uvK",2.0824201538271,1.23702561687896,2.35990601236217,0.152749824587855,-0.89156805382035
"PsUJdJdg",-0.553679057639992,0.0734495404511339,-0.4368185424107,0.800295906188725,-0.0589003936795505
"Q3xLFx1f",-0.649898610564876,-0.717275852387355,-1.10472103733945,0.0939147632642877,-0.689930586432433
"QBGxCvdM",-0.0705338118222519,-0.0426325182763929,0.262322808958834,-0.620722746082262,-0.673294217270096
"QCEPyu6L",-0.596384552550252,-0.0412785786999569,-0.778711994481505,0.366182706599289,-0.386906991128647
"QEfwec4s",3.49320838485501,0.661749753578243,2.38376870381614,2.44684939317718,-0.572656638701098
"QZ87Nnr3",-0.491099894342982,0.608748668387997,-0.100808886181527,-0.792429447089044,0.666011256565348
"QlyGN9jv",-0.849612446157669,-0.215644724741212,-0.34472941833801,-0.63891921514101,0.764041056355672
"QqgWE1ny",-0.53657834179691,-0.134058931291821,-0.424650713527415,-0.0386575485281025,0.00641289692655011
"QrjjBpZd",-0.426750798820005,-0.367328847030281,-1.59199893499349,0.921692817185389,-1.1647685587678
"QsaBiX7V",-0.574029543635856,0.129116748337636,-0.0644111571172321,-0.127406722702605,0.199250480919521
"QtBKJuZk",-0.385816006125417,-0.279397490111928,-0.346501577712406,-0.316390644501836,0.135851868437379
"QtPRO8OJ",-0.790723802844573,-0.153018747622938,-0.561234231865652,-0.843654904305788,0.212630451164422
"R8XcsFnp",0.364959417187905,0.314043846058838,0.625638920442052,-1.39545573946205,1.29581430257696
"RROfRt9z",-0.302719572780122,0.19384142233433,0.235658541375532,0.317482132993174,-0.873660693828371
"RTcbiDGq",-0.902956063377991,-0.459912526126869,-0.946104323223389,-0.562891327904336,-0.156862113628556
"RVidM9g0",0.103605281211436,0.102935175962432,0.974717999313662,-1.40603187270486,0.923514808644354
"RZnQSH19",-0.636554652004576,-0.240382622235094,-0.778736443408921,-0.972560120237846,1.09623517672708
"Rc4UK7fT",-0.204839722006931,0.0534109316354971,-0.270418440401346,-0.175379557109894,0.095676081216809
"RcKBKh6B",-0.284755750115403,0.353401860333973,-0.212396794336675,-0.456643254024384,0.645820402935667
"ReM5kDa5",0.025375098731707,0.329325758117453,0.443983543784199,-0.265254837605088,-0.720606006357928
"RfntsotG",-0.67811294123993,-0.366826159755463,-0.503338890765437,-1.27455628559864,0.96381897421073
"RiXMlzXD",-0.78721377999131,-0.425072889108519,-0.594848999988954,-0.960777496161381,-0.400678049623721
"Rik83O3m",-0.361447390529225,-0.504080585671087,-0.39156067946771,-0.452291863980373,-0.0310217915584842
"S3PCzDzO",-0.296863921805754,-0.243643988176483,0.608996061419582,-0.0306940509394219,0.420159221140943
"S77BviOJ",-0.304016895706786,-0.169247867147984,-0.4015358075321,-0.375497295269866,0.0796470014170829
"SDdvtktF",-0.680410734148441,-0.582198336385723,-0.9516597550128,0.0121020951254869,-0.816114734046297
"SHs1AyfM",-0.282589997677478,0.238467057103255,-0.0250771569385659,-0.169223724462547,0.369609614267482
"SO4zQy9k",-0.568183400459698,-0.065595367502833,-0.218240664357968,-1.08233799562707,0.922954441208274
"SOOBCoiG",-0.0370703128904089,-0.103202138699399,0.393353061133343,-1.38027600267338,1.32043777409581
"SXkkPB7A",0.171328459149835,0.420706982132413,0.772241259538972,-1.078861373144,1.66053183371994
"Sa93dGqq",0.0945345909664096,0.56630613828896,-0.0407345624154726,0.339430516175318,0.147293318041309
"SonIG72a",-0.87929630188269,-0.0038708568761124,-0.401482845429485,-0.25717307003782,0.834906889278033
"Suf6hIBc",-0.501324742810002,0.0851109687800597,-0.200813861236314,-0.66053636919435,0.811356242932447
"Sx2JeSRz",0.144577331440172,0.541016778803632,0.594350894381889,0.0110565371505565,-0.339058991172435
"T1Tlftr4",0.198048981086531,0.450395775257561,1.00646675178737,-1.25816858068261,1.22263015093822
"T7ulR4ci",-0.288271786485503,-0.154060849325986,-0.0679879515545698,-0.72140238527926,0.68257854594725
"TA1NB3Br",-0.43377613485633,0.171652480593194,-0.0864540071938866,-0.569101951176693,0.654143649839291
"TFZUskaK",0.0868648020440543,-0.17161548644843,0.04905409777487,-0.16379195858377,-0.987454479094227
"TNL8HGWZ",0.0572395511086418,-0.0337894511794821,0.147570292745559,-0.718308795361649,-0.796352171614097
"TZ8z1GSF",-0.764595695914257,-0.770155607231653,-0.846340354814777,-0.323230519148366,-0.179197323322015
"TqhRvkJJ",1.15206206364383,-0.242491803311029,1.08892840659554,0.0681848011807729,-0.710269925692679
"TtJCUiY4",0.0547951398074044,0.388208315290807,0.816351618927412,-1.60729529982815,1.65656854275562
"TwDq0lua",0.529968754012247,0.320668697439624,0.705438901697699,-0.7037439494059,-1.16990476812451
"Tzyf02sI",-0.0226068143232576,0.443006944657333,0.845784301383189,-1.26510026093236,1.21693039980757
"U3yI6ZS5",2.96379443487716,0.811474780424471,2.24438833481531,1.92789823309414,-1.06265230087164
"UBLnXZAN",-0.182397822303716,-0.238537956829052,-1.66807474391279,1.41989250206981,-0.970426957730805
"UBWDzleg",-0.77271176588093,0.177625123772478,-0.874447076355998,0.594193242898904,-0.556608120758922
"UBqkX6SY",1.35078443559827,0.508720280030586,2.09678228903125,0.521159312276052,-0.807936635627992
"UCIAi1Aj",-0.955319496846134,-0.312603765638728,-1.04437017131524,-0.550827975275976,-0.498641810171982
"UPbXGvCS",-0.224728174310274,0.0549505654413592,0.174996876278784,-0.194153349280482,-0.904195158928727
"UeWm1l9F",-0.286442305768863,-0.450290181376819,-1.37832441974576,1.33504313712811,-0.917786609334812
"UhucscY7",-0.539445049944841,-0.275102431572155,-0.633277044391421,-0.878048522663431,-1.12154398120134
"Uri1SvHV",-0.0697779137316593,-0.0159598520054456,0.113842499515534,-0.477317450569278,-0.843057197993189
"UzxipGJS",-0.661268645178204,-0.134846419602095,-0.627448047688454,-0.558977501572536,0.483848291020978
"V74zfaAQ",-0.153394674896053,0.0897207685584126,0.0713919951357522,-0.336306515392735,-0.8435068916068
"VBPxBLTh",1.4907014439761,0.633187211414739,1.54354519190098,0.667708098664414,-0.681480674008475
"VLG7CXYS",-0.470104814421811,0.109031131708818,-0.162886136747618,-0.0522268330860966,0.588159192149318
"VNk52SpF",-0.35060305962788,-0.324271702705714,-1.59657632209221,1.22185818964573,-1.86359260698887
"VOREKsok",-0.749031474224932,-0.166017181463459,-0.805517958183447,-0.864823622994878,1.60627085109765
"VRhTr5pX",-0.633784238347863,-0.365009560053983,-0.427450917614812,-1.19394967830654,0.391158612584398
"VTcG4Kcw",0.185052696533242,0.501355131164121,0.947327896864586,-0.845651533212947,1.17379296967722
"VeKiWSbS",-0.45891691593276,0.0178074425034497,-0.112148465029621,-0.700649457754013,0.668981740913983
"VnU8nJHU",-0.724704601356381,-0.0323384664881436,-0.0415078174757035,-0.846543783581663,0.333909598217495
"VueNCxYv",-0.558243642538328,0.0837690209907538,-0.679358213187233,-0.597202527792212,0.527606658066678
"VxuQTRUl",-0.707887956285923,-0.184293408954175,-0.122774475807588,-0.829713643454236,0.133569373195856
"W5lgaocA",1.26902284368207,0.644000141938273,1.97057625617723,-0.381883934391834,0.208585407055762
"W5mMq9Ef",-0.418500383040837,-0.310777439627553,-1.04466739489531,0.648056426886844,-0.441952508853805
"WDhNqFpS",0.302348841446756,0.277863841346943,0.144174084074114,0.635104159540991,-1.28592562461513
"WE6n1kZi",-0.264392032593088,-0.715689526298308,-1.7900267838968,0.779901456059842,-1.04253784272385
"WFk6r3vA",-0.430491533646566,-0.295571073985194,-0.208296443100649,-0.537429588698661,0.189834560024474
"WFyIrsUR",-0.682319169067835,-0.333265159361585,-1.0375934114313,0.548703045289487,-1.12565349568611
"WG6ZAsqR",-0.749671880142494,-0.0598542027793634,-0.450337895963028,-0.920579347915834,1.13022631723179
"WMq3CZQk",-0.491370340840541,0.102723419876196,-1.18180714113938,0.575180452482842,-1.25337830786248
"WRskmGjh",-0.739470908745104,-0.826540886970139,-0.475015861170355,-1.09874154358259,-0.0713262374162984
"WXijSglj",-0.648879572786052,-0.63403937860853,-1.17660685084359,0.0699996270118425,-0.64515064260682
"Wc0stQgu",-0.198822365178246,-0.618285273358917,-1.3216819706503,0.542773354732028,-1.14268204838457
"WewoSCUB",-0.441503114718378,-0.785377531058411,-0.432787378537683,-0.598537929280631,-0.330726930417683
"WuHuhHWJ",-0.487609605234489,-0.356832981752597,-0.18353618214453,-0.549073769684307,0.97203099909149
"Wv7EBtZb",1.15725666870166,0.352124297916108,1.60261764227261,0.738561416483268,-0.58366057199855
"WyPlxDn0",-0.584895531103714,0.109858373488138,-0.0607716199966472,-1.07266385994975,1.15361999254274
"X3WqoSNN",1.81528050847676,0.218046003083032,1.46085342132349,0.599206255412729,-1.32787883253404
"XDhyP9KB",-0.537895037994416,-0.556136857869438,-0.425912828749352,0.107811385690565,-0.282366168705913
"XQxhDRMG",-0.0640674100789256,-0.0647151130553782,-0.494976949769011,-0.411345428734427,0.181656926723145
"XjLNAwxW",0.121690001151243,-0.170076672597663,-0.0572534840633784,-0.359940155826855,-1.01520176307212
"XjfVQbXd",0.795923686812954,0.0921373262190448,1.4099890745147,0.362938070701146,-0.584009284471871
"Xovczbf6",-0.848701354454963,-0.178966302568243,-0.785533944231148,-0.869874758636733,1.49728018795667
"Y8H4onBf",-0.775343199321363,-0.890159106639393,-0.198338661774698,-0.955072413850812,0.103932117355123
"Y8YgzSZ9",1.94167898886027,0.436287331216872,1.79333354179682,0.923332061940533,-0.534323479669672
"YC4PNV20",-0.367855108341724,0.301404370210801,-0.219598631147967,-1.08101985766331,1.22247895672636
"YDHSCRdd",4.27168385405004,0.750470031921652,2.59149396641665,3.20145543677439,-0.624702663672928
"YIJ87aME",0.00416065720557338,0.0317252422014003,0.144849203922154,-0.556013329911964,0.562125129702389
"YKvT4dFv",-0.613456548059058,-0.408409054078393,-1.00063420565946,0.326215318625722,0.0490106640216786
"YNebALR2",-0.502579598965954,-0.311157699630323,-0.632862871768343,-0.634522620169675,0.146513958667319
"YNrnqFyb",-0.332198849752819,0.321265745144417,0.201778091383382,-0.128253639138068,0.414760814657442
"YUZ4lR3m",-0.42377475244956,0.153991773748392,-0.625449490138358,-0.499375300088562,0.594329609370386
"YYLvjoVC",0.0203877361889283,0.152670717335871,0.462680135891647,-0.0099127389012225,-0.152605570168414
"Yb8OtMb2",0.271149949808789,0.0293853469985598,0.373669452193614,-0.350268929076303,-0.734047011000944
"Ycg4lTYw",-0.703683091895249,-0.790599351246619,-1.63268456591325,0.468976208309769,-1.34339480643261
"Yfk6tekH",0.123075174810494,0.262167152229051,0.939446448918995,-0.875280232248449,-0.11988058571074
"YoSfgmR6",-0.545103600901532,-0.393633704031871,-0.313010794176484,-0.179734295545109,-0.227328698672799
"YpzFvexy",-0.502634486440946,-0.326635829914192,-0.89977675124297,0.479351603408309,-0.87103404216435
"Yxqppfa3",-0.368120559195598,0.00900857641650205,0.239459100189257,0.156040464597561,-0.745208848216726
"Z16jTUvP",-0.469312245882087,-0.172963617853968,-0.682142419282269,0.0635132940100065,0.00569768024078979
"Z2BdCCbJ",-0.616109215774969,0.155002072636767,-0.0638775829844642,-0.338067936315817,1.1311154271671
"Z2JJMM6V",-0.32355794580751,0.819934933615707,-0.171472810725933,0.0448721376997917,0.186436414841002
"Z5jE1OB5",-0.466643161786079,0.00346198424048678,-0.199460588987581,-0.0613881649351399,0.255098025353742
"ZFsIqYxA",-0.385120968418636,0.0851942920736023,-0.712234785047488,-0.127707811585302,-0.025569604905609
"ZHDVsoRh",-0.603317489548889,-0.672596238358421,-0.8661369607778,0.130480203922199,-0.36663631394279
"ZSmfu2Fc",-0.754278787240614,0.00769340530060625,-0.364570922313507,-0.138760449160327,0.438097543305807
"ZU8YXF3H",-0.772934664730679,-0.168169555954743,-0.547086384096656,-0.98451031261402,1.50875244100415
"ZXKaNy6Z",-0.689855031532033,-0.328311519143551,-0.808298505181852,-0.625944346778773,0.0592470831892871
"ZbYLo0zK",-0.646869362807324,-0.755396277831973,-0.463919666051948,-0.620371314609644,-0.142513124414499
"ZedN8Gcn",-0.739127294628999,-0.586031326776182,-0.648928492741166,-0.991696147695921,-0.321508076371098
"ZgD4Dau6",-0.369191150473413,-0.223211316948203,-0.037427657467624,-0.725368641032751,-0.281944074390309
"Zgzf79LA",-0.550584393128721,-0.544152185528963,-0.558061665012147,-0.572738597643077,-0.417730577084044
"ZjqzxDOF",0.292644085285009,0.525228681582024,1.51121360588544,-0.825087903741606,0.155812717949341
"ZsZ5aDpq",-0.0867182540452686,0.396935544378869,0.380269634340371,1.00354965451522,-1.07273862472181
"ZtyqE7If",-0.306895586138316,-0.224378938615595,-0.203250094744867,-0.386129009866491,-0.712502204749528
"ZvUgz01f",0.166852280079866,0.108191339111104,0.982969796714364,-1.86970657178513,1.2030574699557
"ZwrhgdQV",0.196548550175225,0.170768842278025,0.318911127607539,0.633005875073244,-0.525297191394192
"a7bhJGBU",1.73538804602397,0.670529788495901,1.35428791312176,1.01665262299416,-0.629493809650032
"aHpv6KzP",2.75793997250501,0.548682215542515,2.12685154625607,1.39307369851794,-1.01152843403165
"aINzEBVN",-0.392118143211659,-0.633880643318913,-0.747457917980479,0.076221418133882,-1.21352166779478
"aP9EtTGF",2.36054252448064,0.256385065569252,2.27108637460353,0.644558325622337,-1.08036675634051
"aV6EhtSL",-0.459625831491984,-0.491598218348053,-0.314407195811298,-0.773918665360268,-0.0551543353428789
"aVZsXKoH",1.58449115653996,0.310965813428505,2.09234422051502,0.11658075119066,-0.789569451437676
"aYVnVJvc",0.0461661114035005,0.310008797351202,0.414250979057119,0.0169139798779395,-0.778048153789765
"abCzN1zx",-0.51131158444934,-0.779608029550743,-1.62865263585325,0.803258871775024,-1.21676880394212
"ae7sMiB4",-0.277302839425602,0.0725912247374563,0.188313249864517,-0.149623553331909,0.216314589845478
"afsVuCGV",-0.769398657008249,0.281452825630622,-0.374963873835631,0.306770367238566,0.472676071877994
"aiwBQETI",0.0319519021286945,-0.158472519436265,0.238191832683326,-0.431409781412438,-0.592342392216888
"aiyli4EI",2.37270675181244,0.80576012583209,2.00029704157173,0.844629881790633,-1.00258512686082
"apJ7NmzD",1.93666158505459,0.488692519531071,2.29934181143414,0.915930787657264,-0.798823977139478
"atVjNMtQ",-0.0698700959227782,-0.284551256073947,-1.40044599488435,1.22002395730205,-1.85270334263386
"b5GirVGV",-0.71582735636804,-0.343048283207645,-0.665251239903607,-1.08217638531715,0.588943079049199
"b9SpMjNB",0.0653386892894682,0.505948947049502,0.390628813811525,0.0653317285582038,0.969180207271698
"bAFs37yy",-0.601706266713887,-0.0610337951675137,-0.255442194179559,-1.00649651019306,1.15528101257375
"bDia1hHV",-0.696374273100701,-0.269485678732356,-0.47822427618702,0.198172228673573,-0.707747817356531
"bFkv5Mtr",0.0295524459520923,0.589708724732618,0.551327181606859,0.00749825320731989,-0.211565458684253
"bHe2IXgA",0.0348620526180487,-0.332917457828433,-1.6298790682594,1.39385950887023,-1.58985497376788
"bWX3vUm5",-0.0448779352975938,0.174321043030018,0.252627587306889,-0.197163284110115,-0.569520534074855
"bat8tcGs",-0.226553151448184,-0.583575212208541,-0.440702086215598,-0.25839662953598,-1.52504386859192
"bfjej4wu",-0.26171187936815,-0.304880632309338,-0.368025293002885,-0.0210924309964254,-0.610682135368302
"bh04YDiP",-0.645268427107694,-0.457863052303508,-0.897590814299602,0.371031416769289,0.0612455347900935
"c110Fdc8",-0.447042463464963,-0.0112678328959392,-0.143617611432246,-0.61147036256529,0.28764374446907
"c32GUzMa",-0.0242875743071599,-0.0463406828759809,-0.489036791190836,-0.265090501418171,0.217915988183671
"cT6uU0B0",-0.567057053719934,-0.297408723889192,-0.739164887257582,0.00705460941375716,0.927098977087194
"cWXCiFwh",-0.760543343998988,-0.711748545475415,-0.662708949262252,-0.706440342473071,-0.411425130242827
"ceNvS3yd",-0.415839679656953,0.137753554325856,-0.811397578256001,0.181255045458281,-0.0730209030896692
"cmwdt4Av",1.3147801119895,0.413937947501584,1.43878865240113,0.67268158278907,-0.783765913021424
"cn4EHsup",-0.294595212002108,-0.407259965970111,-1.02226159590174,0.0686213186289636,-0.82925968331733
"crVOGGTT",-0.439347427348623,0.197269671300316,0.136107783713229,-1.03023552360122,1.30616219065826
"csPEJ1E5",-0.841244884388499,-0.174037913213717,-0.460837312491764,-1.51309885709972,0.480042739359977
"d0UrRtMk",-0.568139282674102,-0.300688711729038,-0.5014818958111,-0.869036888286346,1.43954733713332
"d6LU4G4I",-0.641765142369656,0.336315041585624,-0.523660255432168,0.460084272046861,-0.063162771846024
"d74T1DVv",-0.512082161397052,0.117635338124977,-1.00471972694804,1.17206448680576,-0.717774193401222
"dR6rM1tQ",-0.263018751189074,-0.115144529518141,0.0695835460429778,-0.111644145259956,-1.0565032793246
"dUNxOoqg",-0.182018430556671,-0.424050205313341,-0.565779804000483,0.159131750750415,-0.612569174257887
"dUnlyhj7",0.0700265131489681,-0.212438217370503,0.46408791991097,-0.153619193119087,-0.192589812597442
"dVDlnZQ6",-0.524783954797468,-0.456878216055531,-1.51269132207314,-0.0336121698362996,-1.54079747050096
"dVT26GDu",-0.54449823077697,0.0310681823283387,0.0458785237528309,-0.668855249483304,0.934567687780159
"de43ycXY",0.175463640259128,0.35215297541898,1.20058395057304,-1.24898668326667,0.112342537925734
"dfIn7m9z",-0.700239448755209,-0.6620084904574,-1.05132412166129,-0.0374308291804601,-0.00191336046534863
"dhmb9ZY9",3.29424669239512,0.742312274206451,2.70008755065224,1.65706591202293,-1.60478867761027
"dn8kCuyf",-0.428356198418358,-0.247485801032494,-0.406522909127054,-0.428734771367215,0.130073392315911
"dpcquvWW",-0.777230197196356,-0.42359115896651,-0.669322725924447,-0.886484250069245,0.304045127843639
"dqcbIMyr",-0.42569711558343,-0.281977517266927,-0.79495733272641,-0.56439185940719,-0.0438553565564406
"drWgsBf5",-0.294868740836603,0.197054947464645,-0.517120963380673,0.421281159464303,-0.842882097903363
"dytx0HSe",-0.787402692267464,-0.222898070792761,-0.756418820682863,-0.955807801025717,1.14027816251988
"e4KkkIha",1.78721840892821,0.212700304243482,2.10250587367124,-0.021494851288894,-0.959635349330647
"e9YorH4m",0.186589153086588,-0.0304757241658305,0.858125064914802,-1.49904937227094,0.45787605599925
"eB9gVQ0R",-0.193091420738202,0.571039119336634,0.820499749485954,-1.18380864045588,1.19565008604418
"eMhLFqU6",-0.42364285703743,-0.149264559585332,-0.469044447655513,-0.46401371888124,0.0751006110016164
"eMllg1qm",0.672697278118032,0.54485212984773,1.21554851686226,0.227232836125778,-0.679704797252179
"eNPunZ9i",-0.196397439581218,0.0948422348872445,-0.39767156375392,0.189228837141588,0.0947911916222174
"eS5BSM4J",-0.58642459472296,-0.352150877475133,-0.566092084899519,-0.396567455012776,0.95469895219887
"eVGMFoOI",0.0386029712690212,0.000917303292054396,0.734557206234964,-1.33215512231874,0.673422253278536
"eaIwb3rG",0.253086607343303,0.622416337842767,1.09180324097483,-0.410167677583694,1.46860765729484
"eyzw8Vis",0.00223353444092562,0.316439569975064,0.498926423719823,-0.878791186478347,1.29210283802375
"f04Ke2bN",-0.38337063549527,-0.316357989213995,-0.919335624452548,0.418830334056968,-0.0893284418735095
"f4GA0te1",-0.560770094150165,-0.179316191109385,-0.162423249845235,-1.2005243442543,0.276782707660989
"f7bd91h5",-0.475599263424076,-0.221033505094666,-0.267140319711697,-0.727689489051441,0.95293872633806
"fB7z9ndr",0.0913025668632105,0.448045397187735,1.02580854667458,-1.17798947010986,1.63089379546663
"fEe7AWFA",-0.349017776513526,-0.045361403605881,0.140990645647983,-0.148941807264033,-0.969079170374373
"fJJIbgY9",0.493711284073681,0.294896816332048,1.27606273114917,-0.255886574450053,-0.698711042178944
"fQBURMvg",-0.552861544189448,-0.119802136226425,-0.328261464860956,-0.502211735980553,0.997606647469586
"fS0HpOub",-0.726471802523135,-0.285782383669085,-0.555166336665914,-0.929117221266901,0.717021430744239
"fTDXauuk",0.356777811504519,0.10086120613883,0.942010818298657,-1.14687530786003,-0.264927480107485
"favPNA2N",0.00661487935706339,0.336952256942112,0.017263090011081,0.231968478180705,0.257663010046202
"g3Fv0U4k",-0.569539960571441,-0.265672753947135,-1.58439090569837,0.703265327370035,-0.745653140759839
"g5PKo2E2",0.265950924371323,0.35985106433153,0.859425050988547,-0.575099494891325,-0.627573265993349
"gbjnD5fe",-0.607897407299871,-0.635590961672144,-0.673233918246545,-0.816664077188735,0.727551295436253
"ge9zqXCv",-0.811430445050618,-0.403190111607695,-0.99670797547812,0.495101425344919,-1.57922096272761
"geeqJpSE",-0.584775821026562,-0.191281028320302,-0.208295713786605,-1.40107887950496,0.948986232765027
"gqy1J2RS",0.556300088384448,0.457630157838573,0.504611332802245,-0.456049523013835,-1.15378638201853
"grlUtS3H",-0.411109378466177,-0.323690183775896,-0.7443008974477,0.674766301592583,-0.545899737708327
"gx965KYj",-0.517087309620727,-0.0957480530379152,-0.38554980855381,0.486199228310446,-0.602403598129249
"h3F08Vjm",-0.48129761063314,0.271895109054775,0.422361287011163,-1.42586720837577,1.27456964405215
"h6FQG8Iy",0.249622595143236,0.442438491369019,1.1152377500672,-1.27199514722875,1.71990488100994
"h7ftM8b3",1.45181376169833,0.365168431887501,2.02672539931584,0.30174496592615,-1.20059551908758
"hLrCHXZv",-0.183228606007273,0.318671907838212,0.527483882518906,-0.0924605365706102,-0.814481640337059
"hQ6VBuFx",-0.174449215667569,0.69840486318328,0.846159781919985,-0.84359941863559,1.15584173763707
"hYoR2y7w",-0.329567289292209,-0.0813707300355144,-0.450694761863225,0.300081943559844,-1.52728745614733
"hf65yZkM",0.177633838271812,0.423069816291767,0.503062022932097,1.11396941213799,-0.809190055734908
"hjuwe1x4",-0.432379285015383,0.179600113351205,-0.0662399879921926,-0.260414801653633,0.805425119215931
"hyINlsFR",-0.148185786205023,0.435504633454644,0.343631000461998,-0.227113659796307,0.826905665774309
"i0Qlm9Bv",-0.501541615112832,-0.144569869648564,-0.0862740686310843,-0.341343776496459,0.975274197935879
"i1VxfxMb",-0.368213502262979,-0.125264728077957,-0.0728233732492382,-0.414787416880763,1.05411803066503
"i2l6jXNP",-0.569255325857579,0.252072084841589,-0.707112089792389,-0.0110324479514048,0.203942189785199
"i4FgPZv7",-0.260327275105128,0.265736747648305,0.285695400243908,-1.44026973741608,1.51531268969667
"i7XtIkSi",-0.508048324995868,-0.0829697037021095,-0.205746611316506,-0.0541006139299843,0.00657876165661834
"i9z346Ut",-0.0682417139913659,-0.10232607486321,-0.776213119129389,1.14211313295121,-0.159172208316927
"iDOat4cZ",1.99333098693946,0.338375177141543,2.1800411507228,0.207962033651242,-0.963972853732467
"iNv6RoSO",-0.345682570519879,-0.258254568910176,-0.766171715560497,0.162294696459142,-0.0588029933676121
"iSL9NYzy",3.48101237816883,0.689571553990829,2.22220217340575,2.70173162895175,-1.0742894359893
"iSqVc1r8",0.07032766019328,0.444627022010846,1.19881697091197,-1.03104103075654,0.0576514663923408
"iYZMftt6",-0.521480216204311,-0.404401805686525,-0.259145200109428,-0.520558282637237,-0.841935679834548
"ieTPaa3c",-0.501365351975939,-0.629209978455459,-0.96913225700101,-0.211256388461333,-0.090341498778193
"if7BmzU0",-0.54800634759736,-0.0987306967566569,-0.259503050453205,-1.436058277264,1.00655412009329
"ihNz5bmx",-0.624067133926117,0.274660438483789,-0.605713364846849,0.305369253037974,-0.141067674185389
"ikJXKdIN",-0.274743914135419,-0.631689350661094,-0.318416788510677,-0.828970724288595,-0.142480726984695
"iq2kxikN",-0.0362032311424611,-0.229133911456369,-0.136674956933121,-0.478530251122106,-0.809865911826315
"iuZEDJK7",-0.442044748323637,-0.150583503977149,-0.0971580025964188,-1.49399929389233,0.960724950309837
"iyF8gVT7",0.093689619613664,0.40397331691591,0.650836950372808,-1.2531649011507,1.45359867086974
"j06qdQ0V",-0.76805109548126,-0.169764157223228,-0.684906151453681,-0.173710780480064,0.158172417519331
"j7hl8svO",-0.221619576835922,-0.155251362613432,-0.0551256671678675,-0.121990427649572,-0.7700348088794
"j8hMoJUN",-0.281365425892039,-0.5158451528007,-0.596284593640283,-0.368909737666743,-0.704490464239077
"jNaFasbV",-0.831080211409532,-0.142840449199112,-1.30024675798589,0.46282800021313,-0.489880250484796
"jVVHeYHT",-0.163344379975059,0.128992357350353,0.340666559466342,-0.0960682620261712,0.907307003823891
"jXm4ySvK",-0.38903803990198,0.176731865583993,-0.0657641453852829,-0.285859529418221,0.832656283679346
"juO5ii5l",0.174824809116494,0.0297301165614713,0.536812035921409,0.0161277799503594,0.250194415689387
"k2hdEBsU",-0.585765578454034,-0.301420854585233,-0.344700375580805,-0.508534148434983,0.949791640209822
"k3ynMfhN",-0.128426788196093,0.0326237214164314,0.568469709542434,0.403342477684938,0.26669804972015
"k9C9yBtr",-0.177396898030726,0.311865892267827,0.402574601251638,0.217891466962956,-0.705467121200509
"kAKRvcRo",-0.607507731595145,-0.495812081254775,-1.39996670524902,0.188646918079032,-1.26838859751927
"kBi3R2oC",-0.382285162723566,0.0312706910930212,0.0423614360687815,-0.153132454757574,0.208997548787618
"kDWmnsXe",-0.0301165774504214,0.0570659353614124,0.223714057549469,-0.632333985174508,0.401953802999991
"kSGBd2Vh",-0.507385451798629,-0.139861085323962,-0.100262231699988,-1.31214035396087,0.840815081549409
"kT0miHPT",-0.856363934666498,-0.377241536176918,-0.780301197249621,-1.03243782937909,0.528874165196843
"kaW0TfRn",-0.808920295464591,-0.463699718917173,-0.619485830625647,-0.544273222917032,0.425387326950041
"kmg3SowO",-0.379839958580431,-0.523447010762138,-1.32111744691736,0.741943168881536,-0.76070394022326
"kpxKSlnF",2.77128674556361,0.886103596778848,1.86078406106555,1.75122005611692,-0.37586054548424
"ku2cn1MV",0.196179647847816,-0.275897502214967,1.17443715542882,0.127651309488035,0.142588028949001
"l1su5HU9",-0.500175761298499,0.00139349757228328,-0.0806380058199007,-0.337219293395067,0.717321600018011
"l8Tg2RvD",-0.376234688375867,0.319291753984027,0.478414478871507,-0.197992387177933,1.19588711446126
"lB6NsVOc",-0.0847836751955646,-0.203339660416153,0.239153511451094,-1.25627946684141,1.05950122504455
"lEcdVyKk",-0.82790784670417,-0.0300016071055694,-0.430029701451657,-0.565690528195626,1.33306664659136
"lH4TasGl",0.140864144036583,0.318602613786412,1.02056364091959,-1.01469869740192,-0.245134521277448
"lO9aggHW",-0.271989119210392,0.431852292186451,-0.0895768224897061,0.719411457917986,0.451138994901967
"lW3m9Vzu",-0.63742955703268,0.020195927316416,-0.786129180194619,-0.295246132773642,0.040582613530623
"lYLseGDP",0.0822966716293698,-0.49930261841903,-0.266140879600423,-0.317343097186227,-0.233061681268881
"lcOnCdZi",-0.0653885417905739,0.271436817791971,0.825897722844117,-1.07836846209744,-0.0151446903769078
"le9YGwON",-0.415718525198572,0.116339881806004,0.194613534069269,-0.0301110350233781,0.27106005818057
"llMvu3TX",2.21013718626309,0.35652326536059,2.29495618497791,0.486889388001481,-0.749659762508974
"lnHh2jFO",0.142749741031805,0.231743107646447,1.2159294612648,-1.27768453420496,0.397027143118927
"m07CVXd4",0.104783903408402,0.270077308881354,1.21640635705499,-2.2290453139883,2.05082401559695
"m1lPk91z",-0.537363418463792,-0.288268616430004,0.180239986226309,-0.585212731147491,1.16171668421216
"m9IQdmwa",-0.731445324237647,-0.269473131030459,-0.681651384661954,-0.843767592200915,0.726193618073026
"mG9BRy5x",-0.433635430401119,0.000648822185845811,-0.313519489523155,-0.377465594608357,0.689068454195463
"mVHXnama",-0.332337352136966,-0.585919306867395,-0.630447408792534,0.144702076364728,-0.999417375877861
"mXyrR6nU",-0.608162819958494,-0.0805360059719516,-0.324655979932914,-0.51534198136964,0.487333668954126
"mbzNdxNc",-0.464235025847418,0.0550660021395428,-0.595360867838384,0.424003871606869,-0.240928219292244
"mntH7g3L",-0.0921637754734676,0.407240029783656,1.08855071561258,-0.980559070620345,0.228704599976836
"msRTXP3H",-0.280997354230604,0.222242016449448,-0.149403133618592,0.0762658257573788,0.48490503062947
"mxBjvIPR",-0.74875616735943,-0.328692712564913,-0.781444614835007,-0.851994747829796,0.205512264380742
"n8Opmfbz",1.75339171756383,0.722597028530688,2.20373016011951,0.00132364479917196,-0.324029245983285
"nOkgU29Q",-0.336801862584207,-0.0817653268689953,-0.62723090602535,0.0566823965702919,-0.624812123413714
"nhttf7VM",0.457056824822303,0.530153315409093,0.748439250494176,0.572911461567209,0.231972944714921
"njLbXYa3",-0.767304323958498,-0.549693809102699,-0.725538212316771,-0.863081735633391,-0.281293916187308
"nwkIpzmh",0.255735951338271,0.0202098309960234,0.82714620610152,0.768026339361145,-0.0239528617888975
"nzB1R9Zg",0.20556523412963,0.144173215692553,0.94798374410452,-1.19475879170347,0.306707568919845
"o1rZRI84",-0.63907085772635,-0.247927450595721,-0.397374960380826,-1.06142626325908,-0.429340823313176
"o7q5Mbty",-0.135070108716409,-0.214640942190463,-0.00224521524374986,-0.211180248927958,-1.00431993971633
"oCBvysqB",-0.676415120817388,-0.770638572293055,-0.401674955275911,-0.816484162740299,-0.377208054730235
"oDmycTPH",-0.0878712353367407,-0.593609070248272,-0.0830429817215221,-0.961024252993197,0.180447845055303
"oFAXZvQv",-0.587107510153328,-0.47162849354775,-0.392042473598906,-0.537704967980862,0.153654473457161
"oHE3M1zX",-0.232048712370948,0.511650565732391,-0.298962136533677,0.832851758576345,-0.0307857107508399
"oMhVmSpV",-0.947726040337928,-1.01409927109383,-0.822793977222231,-0.778736196222949,0.195929843580446
"oNsDqVbi",0.265976688799077,0.334525849301321,1.12120233189834,-0.241472882858896,-0.326393514755082
"oYAJqQk8",-0.786224683793518,-0.786686917656568,-0.196054156328866,-0.931205322287541,0.00525925648463106
"ob5Kb6dW",-0.872076247983116,-0.00580849715574407,-0.499851989097901,-0.421155923143684,1.26772513878254
"obnzqs79",-0.395973234989426,-0.829163256738887,-0.361467165938788,-0.603288813989643,-0.461264554667353
"oncLcgRP",-0.700969687770206,-0.564099597909504,-1.05858339473506,0.26520442325295,-0.0238970995972224
"ooWVYaAe",-0.364593007122732,-0.344814870179191,-1.51738609729297,0.429176182592555,-1.56797249285742
"osdyOUnV",-0.153608613635199,0.132364279135643,-0.493189274474078,0.161180671767442,0.0140331081531118
"p7H9CzCv",-0.606543352249202,0.336012284236214,-0.484853305628496,0.0772022552815344,-0.653472997812101
"p7U9hVhY",-0.665262404894539,-0.063005790052578,-0.432640313988133,-0.808647842409319,0.736387767552389
"pE6Cf1RV",0.139680236892992,0.385059024613052,0.754546417568333,-1.18198673230836,1.33027234476298
"pI7qzotI",-0.151240390083328,0.528672276900202,0.399790023998891,-0.187760780064727,-0.652364973830483
"pJrIA4sk",-0.731587611363715,-0.34523861204233,-0.569354010622893,-0.91360284412553,-0.0529345270558339
"pXne2CLZ",-0.438183860267733,-0.411186756509972,-1.0983837906302,1.22969726720708,-1.26207472822401
"pZMcDIOS",-0.474194738507308,-0.230445864272204,-0.731874027273319,-0.868348583598791,0.611513228373038
"pavfp3cc",-0.261687420917368,0.434452832241432,0.33128266268318,0.151869788645045,-0.435986729136723
"pbQdC5L3",-0.598068439846914,-0.0649619371329481,-0.309867660444811,-1.07439668532677,0.535710779021744
"pgj7aAFP",-0.772707428820249,-0.356227928162947,-0.623201127346858,-0.174117755648924,0.748943860968142
"pxg8G3ed",-0.133431779721014,0.302940039632892,0.500315286687011,-0.876181753067469,1.08948662482364
"q36Npk6l",-0.38900382941415,-0.677763305320985,-0.0893695502711544,-0.766124884066495,0.0376483663959868
"q4aDOVvq",0.557652350812132,0.500877221773273,0.665721374112595,0.09855965189792,-1.03267248144345
"qGmfR9CN",-0.0521708404191367,-0.0880039205996938,-0.227703329361214,0.465638172688059,-0.494271009488885
"qJ51ODpA",-0.271463513645856,-0.624226206341151,-1.38481197808404,0.996026215705371,-0.606089443130844
"qQX3cs3I",0.513733558861103,0.131695502231051,0.823001753573818,-0.189077007081516,0.30188853065382
"qXeIxPb8",-0.464085369633284,0.080642865044266,-0.14594194990367,-0.76861616241967,1.00005185830975
"qYQ4MShM",0.157985715929313,0.121506923771007,0.130609109436234,0.567868936934696,-0.941369150283887
"qa0etnhK",-0.500873958994257,-0.232478152062237,0.282766684476694,0.570727649906646,-0.892873167732022
"qbL4sboq",-0.0037916014727672,0.118802276505427,0.0744155764489983,-0.123474614372596,0.738029336535736
"qbYrsWHq",0.569769705108847,0.519705399617048,1.33450501401456,-0.188174188188112,0.162721436452153
"r1zmcUqQ",0.505224161459134,0.0964034994294028,0.874776120138742,-1.06116209394402,-0.559604783305067
"r54iHeQC",-0.478708642738936,-0.0301360501704354,-0.242353768709852,-0.969775994796309,0.771895614235884
"r6xrAnQV",3.06781912410622,0.558015845597461,2.08160594568472,1.35279659949668,-0.331718790602024
"r9HxnQDg",-0.320172731145108,-0.00566902872586262,0.344087383093365,0.431115292134972,0.61208929478196
"rG8Puuf9",0.757789443397479,0.442799515311271,0.754169576078205,0.550975152399852,-0.738889018289496
"rGuiefuR",-0.401653256489793,0.205415953980523,-0.731771477765354,0.385069663478172,-0.772034165600597
"rJ19OhGP",-0.693675111120702,-0.00102039303719583,-0.43840030735357,-0.447678154678812,1.30125274203001
"rOCYepHd",-0.0760158959859687,-0.192683568686929,0.570061903141432,0.249917953990098,0.241643071649761
"rQJaOPFI",0.162323986461966,0.22670593598487,0.400193842801402,-0.302096819654909,0.369613237054406
"rQhZtZeh",0.0827518927498355,0.588365644849943,0.996091779126746,-0.894862345044482,1.06471850964892
"rapmok0w",-0.0335893397501084,-0.34203342754572,-1.04035328873547,0.498224537957664,-0.709052707558371
"rgzfnPVu",-0.392652192736882,-0.165260540619985,0.623982452383708,0.0330717764682295,0.527148647267748
"ri4qhb1S",-0.806792126434656,-0.49369614892288,-0.531683797364176,-0.744367228530317,0.138292477835264
"rqpFYzff",-0.59685195404137,-0.348505190299062,-0.319383257018717,-1.55360922572031,0.998978486352381
"rrs22coX",0.0297412608563634,0.312938194265417,0.525552268017684,-0.962443039504997,1.29182559605786
"sEeUCQLc",-0.708833698960598,0.112112301762238,-0.440080810574452,-0.434789864582232,0.782625206069179
"sHScwqQl",-0.0150567630160165,0.370477650265702,0.756745616457241,-1.52958977162178,1.67596761766973
"sNC7DiAt",-0.275030553540177,0.225694657938782,-0.242020374427651,-1.23675939858146,1.23060359247079
"sNK2TSs3",-0.0277862178310264,0.523231381994227,0.758352432419231,-0.783717339389735,1.25266997342343
"sO7Su6uw",-0.620850367124436,-0.152253626617234,-1.10178484989107,-0.102908396431523,-0.353458011828769
"sOWZx89o",-0.442818125184073,-0.245364845814952,-0.456201971203656,-1.33891251945851,0.882911580159267
"sPbRcPjC",-0.197877985673897,0.0397832680835618,-0.00781145276687324,0.131326009337268,-0.499080598989919
"scVUfTKI",0.827699432933735,0.767942037321458,0.807107973366617,0.416010387292353,-1.51435474016617
"seRaGeVv",-0.256886865310086,0.0633481091013827,-0.0304882935399978,-0.268072288388776,0.517008698733042
"sgtwiYWi",-0.527899931596399,-0.583370138630009,-1.22829573356727,0.295875092428795,-0.850513657168135
"sjmLHcT6",-0.409360480856322,-0.670003186247684,-0.29310915707768,-0.778501509343249,-0.141686949773895
"skZUZZGS",-0.534725109155899,0.5656772952541,0.00334341882181319,-0.812283260819553,0.784818086948533
"suAmzADX",-0.448805469892,-0.207441854880147,-0.924040709926364,1.7598088235953,-0.492816362936352
"t4GWLqlO",-0.0777890588578518,-0.244962792274267,0.351900798155468,0.194566770749533,-0.448477200539768
"t7gy6Jyy",0.0226895741593975,0.474865308589084,1.34984170910655,-1.73584053765942,-0.0241448293235412
"tBadzH60",1.98581579037171,0.452696533622233,2.39641009215792,0.64669699340822,-0.669756501875801
"tXUWm0hp",-0.54363345853925,-0.272555278527547,-0.8475196127032,0.693503089495874,-0.338972484188619
"te6UPPxf",-0.637510576167868,-0.732765634400772,-0.549235134498503,-0.556532745346482,-0.437100912214625
"ti2lamkL",-0.0389246413511045,-0.0984890473023518,0.479777107124126,0.655790956508848,0.103085404975282
"tr0lpwuU",-0.166992892154755,0.0515828176042517,-0.841696440793813,1.67516751081483,-1.78099905962807
"ttdB5C73",-0.264290611927691,0.0101856798762282,-0.0574097578399201,-0.0249566741998721,0.112255103481198
"twS8YZu9",-0.660612933949432,-0.0647760775181183,-0.386241281373568,-0.597315384229706,-0.0594667859741915
"tx68W34H",-0.696609364369147,0.070312022813257,-1.15294493373371,0.87754989966485,-0.445166157562893
"tyQSX4mY",-0.154917798123481,-0.550718244716099,0.350000512082083,-0.15771310206883,0.377240052903112
"tylKCRc0",-0.534125295627969,-0.146979441469468,-0.579729506353516,-0.632300923703088,0.247865926639974
"u1544WUo",-0.702608828802984,-0.343199243047915,-0.63044022703706,-0.409018425407383,-0.290376500520912
"uAw9an0d",0.204564235601769,0.0984461702818431,0.562027647662925,-0.166441386660317,-0.687021285434605
"uLZAEXMG",2.03177832497825,0.413141559736066,2.13064349762812,0.973345013353073,-1.13426251856901
"uMwe1s7I",-0.683815446103107,-0.399368229858717,-0.915385290221371,0.877834315349995,-0.863583983517068
"ufhGeV3q",-0.404947874234961,0.378920819735012,-0.357134796988895,-1.0642020312413,0.533454939267142
"uhAeGBHo",-0.64139586824821,0.116093647407748,-0.74187257208788,-0.16893119962869,-0.783959585843154
"ujHNlqpw",1.40754870026973,0.679006329049641,1.80884861018712,-0.223386833577742,-1.28850235757671
"ulV6kuhB",-0.436822995933854,0.0581335073420863,0.0229584030211737,-0.773385011932287,0.805718984590391
"uohEnNEK",-0.590035085753183,-0.401142730223086,-1.47547009295131,0.57597486612071,-1.18404761869322
"v1lhA8I4",-0.0209530466274325,0.159918244700467,0.614383764710867,-1.61394341770563,1.62277490862018
"v3JzigLI",-0.575532080799048,-0.904883862086787,-0.136674748372278,-0.889564126489627,-0.0185700289691684
"v5IwjyIg",-0.374003125237756,-0.209008008401763,-0.528374127375485,-0.538229631170735,-1.01186954489014
"v6lp5TK1",-0.470460925773734,-0.406477098304788,0.0485572896973342,-0.886827005657223,1.14391267439561
"v8vOaaWq",-0.321150891169017,-0.471735796186957,-1.17546454106818,0.51903485255955,-0.345108764799745
"vAYKtoil",-0.291554093389765,-0.111447160166208,-0.473920993154916,-0.484457874023327,-1.21227391539438
"vGTNQa6G",3.41142298781762,0.904703188570115,2.1058076269155,2.27244219284676,-0.530645584995868
"vQzNxHoL",-0.648717955046718,-0.99929613504218,-0.588881882978301,-0.891944871257057,-0.716202498273367
"vfZGBUJm",-0.719995551456463,-0.137579991201917,-0.380548489068608,-0.493755193224475,-0.175380188798489
"vlooVUoT",-0.210156801088146,0.20108185808066,-0.357984148730266,0.408956643658563,-0.491045402506685
"vrACvd4O",-0.768365515882174,-0.39950251011879,-0.610125175146034,-0.575590438641808,-0.455265534059448
"w8hdjLwb",-0.577972318522188,-0.121588261157182,0.0711231544402126,-0.672715439055296,0.699615879257925
"wAntv4gH",0.260449682224461,0.388859042286672,1.35789668865464,-0.955984365303561,0.635127899968808
"wIUL09q0",-0.802787764053843,-0.797099650468127,-0.496574431211513,-0.677859736854471,-0.214890931735484
"wOzx7Fgz",-0.738415953113568,-0.465628731722512,-0.650539256976704,-1.01382991341748,-0.100961366210108
"wPhjhCJQ",-0.716542930755697,-0.0835282439774289,-0.599089807217809,-0.392420211605054,1.25658908303146
"wQSWWmYB",-0.581871359388576,-0.145560129936223,-0.192057606630665,-0.300189923930002,0.070870225056501
"wdIMrXwy",1.84692030931085,0.519953219816369,2.29023286891978,0.501958358683186,-0.716947237646996
"wiL9npQc",-0.591021488305652,-0.0725650915125586,-0.270083310677029,-1.24176925284977,0.905177117928433
"wnU95Cxn",1.86541599176445,0.0488099646568196,2.01549491604563,-0.384239569094812,-1.02913050176743
"wpJbbjJs",0.485392905187046,0.478734559547195,0.792399608930939,0.364716763219362,0.0198938613155197
"wsOWTAbI",0.622475402533892,0.121610270298973,0.484918276804281,0.656459464487976,-0.626255826426274
"wtdBcU3U",-0.732542709034642,-0.701355518093156,-0.29721891959728,-0.7664695951493,-0.200062999911604
"wuKXVxOc",-0.257421574510352,-0.263890938269243,-0.595687445246818,-0.59350231519304,0.266905263556222
"wyzadAt8",-0.750352496146534,-0.603226469382332,-1.00704650362834,-0.627998075143864,1.45190183018655
"wzaKzYwi",-0.128630406048737,-0.0702595574176089,1.03306221480758,-2.60386541204914,0.83043262403918
"x6GCk4EV",-0.490257035666573,0.026586684137455,0.0688898527646667,-1.20628887441485,0.890479419446744
"x6lUi3vf",-0.16806221175055,-0.0639228025837937,-0.0811838298888441,0.408522710408895,-1.23014399690909
"x8mwDHv9",-0.8706943285921,-0.426320397330303,-0.68461737121665,-0.746656855940871,0.343101040722574
"xIYm6puH",0.581763348253206,1.03142613016603,1.12106772597868,0.258718970959265,-1.3457291836825
"xO6UdpsK",0.632696659899875,0.560276533768467,0.879533697675028,-0.751171267452079,-1.32426196641445
"xQ2bkOvj",-0.610669385945662,-0.621149893729943,-1.21637591089108,0.723678397475393,-1.11747646559673
"xeXyDCEQ",2.60477619215543,0.902682701764171,2.07987618324768,1.5185702036071,-1.04966485173985
"xrggHziO",-0.63420516694011,-0.443835437215747,-0.0720009614585459,-0.212762593385418,-0.0699064525033091
"y1WMCmqQ",-0.574472338400225,-0.201266614358072,-0.921775755815118,-0.984283197624151,0.220407608981808
"yDngezhM",-0.389830113493216,-0.702044159317152,-0.330345683521031,-0.490102631531088,-0.733472645385344
"yLiFjMD0",-0.496054581427643,0.0854291647321328,0.115084026401745,-1.38099680294553,1.34793979142453
"ySwEBO7w",-0.482878029378632,-0.5881292411176,-0.545150703369607,-0.355649444835917,-0.399039303159194
"ydC9UsSm",-0.291176705164339,-0.418444280016163,-1.41098620845496,1.08304866554214,-0.478045543959224
"ydEG4VBd",-0.551883210411832,-0.11332673927648,-0.531541022852681,-0.275349431412341,0.0821221219394146
"yf76yWXc",0.00254278065982178,0.380199806777418,1.09425017955297,-1.15594992548775,0.0370040362818422
"yg70e63n",-0.400799449685098,-0.113353190239191,-0.270796932063702,0.0352216741880589,0.165507957687823
"ywxtlSKv",-0.740574808189641,-0.266376426829082,-0.969452097338123,-0.892316095580908,-0.260189458606955
"yzKPQPOR",-0.783454374616032,-0.545101575824871,-0.887688405884837,0.395969361129127,-0.906252405815542
"z5cnOnZ1",-0.845874284855885,-0.74573278672835,-0.871562573044045,-0.837120564315668,-0.467842463469777
"zFLkOE0e",0.200783646443803,0.432576889183198,0.640898293922262,0.207893861740256,-0.751666071454344
"zGi72mxL",-0.72853187001238,-0.559716897206992,-0.70298121312816,-0.0357243836890836,-1.08042269449634
"zN925UV3",-0.190530563554996,-0.0225995580776918,-0.211107919331805,0.399227731656563,-0.578844335286093
"zTy2ih7e",-0.37268230331699,-0.299720463114376,-0.421248869543385,-1.06428190407501,0.258683711232986
"zVFzAutw",-0.467454449287137,0.128111965637412,0.1056523937373,-0.451926028430911,1.15361025709872
"zYxNAkht",-0.383699448145161,-0.682762799883898,-0.33581444326498,-0.509097959717221,-0.0929783591318184
"zaWDBai3",0.18862640254206,0.538180573351645,0.523160860485507,-0.758283193260411,1.01798345216657
"zg3u0Zsx",-0.405561443807694,0.0483053901164098,-0.0703307483826854,-0.00953486273457896,0.27332044032623
"zlwLfdsS",-0.595597233961377,-0.198605530239258,-1.18236324710813,1.0732956960314,-1.00792316728686
"zmbKzVfl",-0.381792789468391,0.00805803400908776,-0.751324986931492,0.0287381164550123,-0.21689393748836
